{
	"format_version": "1.8.0",
	"animations": {
		"pose": {
			"loop": true,
			"bones": {
				"body": {
					"rotation": [2.5, 0, -5]
				},
				"leg_front_left": {
					"rotation": [-14.51082, -3.84097, -22.01082]
				},
				"leg_front_left4": {
					"rotation": [8.44236, 27.24513, 3.88714]
				},
				"leg_front_left3": {
					"rotation": [12.31594, -2.15393, 14.76758]
				},
				"leg_front_left2": {
					"rotation": [-1.05811, 12.36429, 14.01997]
				},
				"leg_front_left5": {
					"rotation": [-7.5, -35, 0]
				},
				"leg_front_left6": {
					"rotation": [18.58597, -7.52076, 21.26765]
				},
				"leg_front_right": {
					"rotation": [0, 0, 40],
					"position": [0, -2, 0]
				},
				"leg_front_right2": {
					"rotation": [-4.77833, 47.7408, -6.45339]
				},
				"leg_front_right3": {
					"rotation": [-0.12971, -3.42713, -19.956]
				},
				"leg_front_right4": {
					"rotation": [19.86775, -0.33348, -9.92679]
				},
				"leg_front_right5": {
					"rotation": [17.67261, -39.56396, 13.73009]
				},
				"leg_front_right6": {
					"rotation": [-19.2571, 8.52031, -48.73759]
				},
				"leg_back_right": {
					"rotation": [0, 0, 22.5]
				},
				"leg_back_right2": {
					"rotation": [15.20495, 3.25866, -18.89565]
				},
				"leg_back_right3": {
					"rotation": [-19.25039, -31.81341, -0.27696]
				},
				"leg_back_right4": {
					"rotation": [14.34857, 69.40933, 35.96639]
				},
				"leg_back_right5": {
					"rotation": [-19.43516, -69.54321, 7.70295]
				},
				"leg_back_left": {
					"rotation": [10, 0, -22.5]
				},
				"leg_back_left2": {
					"rotation": [-2.5, 0, 15]
				},
				"leg_back_left3": {
					"rotation": [-9.46871, -37.77619, 10.79056]
				},
				"leg_back_left4": {
					"rotation": [-0.61004, 26.93771, 2.34618]
				},
				"leg_back_left5": {
					"rotation": [-6.08143, 16.19588, 7.09518]
				},
				"leg_back_left6": {
					"rotation": [-30, 0, 40]
				}
			}
		},
		"animation.stakataka.ground_idle": {
			"loop": true
		},
		"animation.stakataka.ground_walk": {
			"loop": true
		}
	}
}